seller_id,seller_state,delivered_orders,gmv_brl,on_time_pct,avg_review,avg_delivery_days,worst_on_time_rank_in_state,on_time_decile,gmv_share_pct
54965bbe3e4f07ae045b90b0b8541f52,PR,73,10352,69.9,3.03,26.1,1,1,0.12
beadbee30901a7f61d031b6b686095ad,SP,64,4374,76.6,3.91,14.0,1,1,0.05
a49928bcdf77c55c6d6e05e09a9b4ca5,SP,96,8647,78.1,3.03,16.8,2,1,0.10
712e6ed8aa4aa1fa65dab41fed5737e4,SC,77,39385,79.2,3.36,24.6,1,1,0.44
06a2c3af7b3aee5d69171b0e14f0ee87,MA,389,36098,81.0,3.99,17.6,1,1,0.40
ea566164622c6b439516ab18062c42cd,SP,50,10309,82.0,3.78,13.9,3,1,0.11
002100f778ceb8431b7a1020ff7ab48f,SP,50,1217,82.0,3.96,16.2,3,1,0.01
cac4c8e7b1ca6252d8f20b2fc1a2e4af,SP,74,4128,82.4,3.54,18.2,5,1,0.05
6039e27294dc75811c0d8a39069f52c0,SP,63,13501,82.5,3.73,17.9,6,1,0.15
88460e8ebdecbfecb5f9601833981930,PR,246,31320,82.9,3.42,17.8,2,1,0.35
1ca7077d890b907f89be8c954a02686a,SP,108,12475,83.3,2.38,15.5,7,1,0.14
d20b021d3efdf267a402c402a48ea64b,SP,86,3922,83.7,3.76,17.0,8,1,0.04
bbad7e518d7af88a0897397ffdca1979,SP,68,4426,83.8,3.15,13.3,9,1,0.05
0b35c634521043bf4b47e21547b99ab5,PR,50,13236,84.0,3.36,19.2,3,1,0.15
b17b679f4f5ce2e03ce6968c62648246,SP,50,3424,84.0,3.98,19.3,10,1,0.04
05f51e13da97139648b8125c31e5f51b,MG,57,13100,84.2,4.23,12.4,1,1,0.15
e5a3438891c0bfdb9394643f95273d8e,SP,216,7550,84.3,3.97,15.6,11,1,0.08
2a261b5b644fa05f4f2700eb93544f2c,SP,51,5355,84.3,3.84,14.0,11,1,0.06
cd68562d3f44870c08922d380acae552,SP,122,18120,84.4,4.00,16.2,13,1,0.20
2c9e548be18521d1c43cde1c582c6de8,SP,124,6014,84.7,4.10,13.6,14,1,0.07
6973a06f484aacf400ece213dbf3d946,SP,89,10419,85.4,3.72,14.8,15,1,0.12
11bfa66332777660bd0640ee84d47006,SP,76,3926,85.5,3.92,16.5,16,1,0.04
b561927807645834b59ef0d16ba55a24,SP,85,4502,85.9,4.34,12.5,17,1,0.05
891071be6ba827b591264c90c2ae8a63,SP,85,3763,85.9,3.95,13.7,17,1,0.04
900ba814c251a692506d7834c1218441,SP,86,28833,86.0,4.22,12.4,19,1,0.32
50c9975695009e5e6473912e83a6d1da,MG,50,3964,86.0,3.88,16.4,2,1,0.04
f7ba60f8c3f99e7ee4042fdef03b70c4,SP,218,68070,86.2,4.22,13.3,20,1,0.76
431af27f296bc6519d890aa5a05fdb11,SP,116,12975,86.2,3.78,17.2,20,1,0.14
8160255418d5aaa7dbdc9f4c64ebda44,SP,380,46368,86.3,3.95,16.2,22,1,0.52
adbc26658d6c7b4b6219f9d934598091,PR,88,11806,86.4,4.13,17.1,4,1,0.13
6fd52c528dcb38be2eea044946b811f8,SP,67,7743,86.6,3.36,21.5,23,1,0.09
440dd6ab244315c632130ecfb63827b1,SP,91,13089,86.8,3.89,16.5,24,1,0.15
8e6d7754bc7e0f22c96d255ebda59eba,SP,84,14107,86.9,3.61,15.2,25,1,0.16
7ad32824caee82087b3e2e5f33b1bf32,SP,147,22018,87.1,3.81,12.0,26,1,0.24
b499c00f28f4b7069ff6550af8c1348a,SP,147,10162,87.1,4.22,11.2,26,1,0.11
855668e0971d4dfd7bef1b6a4133b41b,SP,300,30849,87.3,3.83,16.2,28,1,0.34
8f2ce03f928b567e3d56181ae20ae952,SP,151,21213,87.4,4.13,14.3,29,1,0.24
2e90cb1677d35cfe24eef47d441b7c87,SP,127,13895,87.4,4.12,12.4,29,1,0.15
dd7ddc04e1b6c2c614352b383efe2d36,SP,121,9149,87.6,3.85,15.0,31,1,0.10
75d34ebb1bd0bd7dde40dd507b8169c3,BA,57,12656,87.7,3.93,16.1,1,1,0.14
fffd5413c0700ac820c7069d66d98c89,SP,57,8535,87.7,3.91,13.7,32,1,0.09
b1fc4f64df5a0e8b6913ab38803c57a9,RJ,107,7995,87.9,3.82,15.8,1,1,0.09
1eade46fba20122dc4aefb379f8c636b,SP,58,3635,87.9,4.43,12.4,33,1,0.04
048c2757535328e0d7dac690ad3c0aae,SP,50,9065,88.0,4.18,18.4,34,2,0.10
ba143b05f0110f0dc71ad71b4466ce92,SP,83,5999,88.0,4.46,10.2,34,2,0.07
a6fe7de3d16f6149ffe280349a8535a0,SP,50,2845,88.0,3.98,14.9,34,2,0.03
b2479f944e1b90cf8a5de1bbfde284d6,SP,101,4667,88.1,3.49,15.3,37,2,0.05
0d85bbda9889ce1f7e63778d24f346eb,MG,51,4845,88.2,4.14,15.7,3,2,0.05
7aa4334be125fcdd2ba64b3180029f14,SP,214,16013,88.3,4.13,15.9,38,2,0.18
c31eff8334d6b3047ed34bebd4d62c36,SP,120,12992,88.3,3.85,12.6,38,2,0.14
34056b8b55c1775a22af2331670a799c,SP,77,6399,88.3,4.04,12.8,38,2,0.07
f3da5b2ff499efb8d4a6d371d175d7dd,SP,77,3541,88.3,3.87,11.5,38,2,0.04
7e1fb0a3ebfb01ffb3a7dae98bf3238d,SP,155,26170,88.4,4.15,15.5,42,2,0.29
7d13fca15225358621be4086e1eb0964,SP,558,112436,88.5,4.03,15.7,43,2,1.25
b33e7c55446eabf8fe1a42d037ac7d6d,SP,149,44215,88.6,4.20,16.2,44,2,0.49
5058e8c1e82653974541e83690655b4a,SP,62,9813,88.7,3.21,26.7,45,2,0.11
e62b2d6ac10570a035a30bafcf01d263,SP,62,5340,88.7,3.85,14.0,45,2,0.06
2eb70248d66e0e3ef83659f71b244378,SP,187,38991,88.8,2.76,17.9,47,2,0.43
59b22a78efb79a4797979612b885db36,MG,125,27185,88.8,3.96,12.6,4,2,0.30
f46490624488d3ff7ce78613913a7711,SP,80,5691,88.8,3.76,10.2,47,2,0.06
99eaacc9e6046db1c82b163c5f84869f,SP,63,12642,88.9,4.00,15.0,49,2,0.14
972d0f9cf61b499a4812cf0bfa3ad3c4,SC,81,7910,88.9,2.98,18.1,2,2,0.09
c3867b4666c7d76867627c2f7fb22e21,SP,228,34667,89.0,4.05,15.3,50,2,0.39
056b4ada5bbc2c50cc7842547dda6b51,RJ,64,12203,89.1,4.16,12.7,2,2,0.14
a416b6a846a11724393025641d4edd5e,SP,157,24930,89.2,4.19,12.5,51,2,0.28
8b28d096634035667e8263d57ba3368c,SP,139,9025,89.2,4.00,14.0,51,2,0.10
643214e62b870443ccbe55ab29a4dccf,SP,65,3229,89.2,4.40,9.5,51,2,0.04
0dd184061fb0eaa7ca37932c68ab91c5,SP,161,18447,89.4,4.01,11.7,54,2,0.21
3db66a856d18a9cba7c9241fc5221c50,MG,94,9478,89.4,4.20,15.9,5,2,0.11
4869f7a5dfa277a7dca6462dcf3b52b2,SP,1124,226988,89.5,4.14,15.0,55,2,2.52
897060da8b9a21f655304d50fd935913,SP,304,21741,89.5,3.69,14.9,55,2,0.24
a673821011d0cec28146ea42f5ab767f,SP,125,13366,89.6,3.96,12.9,57,2,0.15
f0b47fbbc6dee9aafe415a6e33051b3f,SP,67,3767,89.6,4.25,10.1,57,2,0.04
1835b56ce799e6a4dc4eddc053f04066,SP,417,33005,89.7,3.65,13.2,59,2,0.37
b14db04aa7881970e83ffa9426897925,SP,78,5596,89.7,3.71,16.0,59,2,0.06
f84a00e60c73a49e7e851c9bdca3a5bb,RJ,88,5849,89.8,3.90,11.7,3,2,0.07
f84fa566034f5e8e880a07ec624c56af,SP,89,4994,89.9,4.25,11.8,61,2,0.06
fd386aa7bed2af3c7035c65506c9b4a3,SP,69,2304,89.9,4.35,8.5,61,2,0.03
527801b552d0077ffd170872eb49683b,SP,90,17943,90.0,4.43,13.1,63,2,0.20
23d7c96d4a1160db1c726b248601b25a,SP,50,10658,90.0,3.84,13.0,63,2,0.12
5343d0649eca2a983820bfe93fc4d17e,SP,70,9819,90.0,3.83,11.2,63,2,0.11
e9d99831abad74458942f21e16f33f92,SP,130,4922,90.0,3.92,12.8,63,2,0.05
cfb1a033743668a192316f3c6d1d2671,SP,143,12610,90.2,4.03,12.1,67,2,0.14
318f287a62ab7ac10b703ac37435a231,SP,51,2432,90.2,3.92,11.5,67,2,0.03
4a3ca9315b744ce9f8e9374361493884,SP,1772,196882,90.3,3.83,14.4,69,2,2.19
8648b1e89e9b349e32d3741b30ec737e,SP,93,7229,90.3,4.15,8.9,69,2,0.08
729f06993dac8e860d4f02d7088ca48a,SP,94,19885,90.4,4.18,11.7,71,3,0.22
aac29b1b99776be73c3049939652091d,MG,94,6564,90.4,4.13,14.9,6,3,0.07
634964b17796e64304cadf1ad3050fb7,RJ,265,39114,90.6,4.06,14.5,4,3,0.43
76d5af76d0271110f9af36c92573f765,SP,128,31945,90.6,4.14,11.9,72,3,0.36
a888faf2d1baececa6baf9c3d603ee1f,PR,53,17565,90.6,4.09,18.1,5,3,0.20
77530e9772f57a62c906e1c21538ab82,PR,312,45677,90.7,4.15,15.0,6,3,0.51
70a12e78e608ac31179aea7f8422044b,SP,312,29964,90.7,3.79,14.7,73,3,0.33
4c2b230173bb36f9b240f2b8ac11786e,SP,258,14475,90.7,3.94,12.8,73,3,0.16
a3e9a2c700480d9bb01fba070ba80a0e,SP,129,13372,90.7,3.95,13.1,73,3,0.15
ececbfcff9804a2d6b40f589df8eef2b,SP,97,6714,90.7,4.11,13.1,73,3,0.07
7d76b645482be4a332374e8223836592,SP,172,3766,90.7,3.99,13.5,73,3,0.04
fa1c13f2614d7b5c4749cbc52fecda94,SP,578,190917,90.8,4.36,13.3,78,3,2.12
7c67e1448b00f6e969d365cea6b010ab,SP,973,186570,90.9,3.49,22.3,79,3,2.07
d13e50eaa47b4cbe9eb81465865d8cfc,SP,66,7073,90.9,4.82,5.0,79,3,0.08
3df020b72d3d44b3af9d110fa3940b65,SP,55,5040,90.9,4.05,13.3,79,3,0.06
4e922959ae960d389249c378d1c939f5,SP,412,45338,91.0,3.96,14.5,82,3,0.50
ce7d1888639e6fb06b2749cbfdac1ff7,MG,78,11794,91.0,4.17,14.5,7,3,0.13
1f50f920176fa81dab994f9023523100,SP,1399,106656,91.1,4.13,15.7,83,3,1.19
fe2032dab1a61af8794248c8196565c9,SP,293,65690,91.1,4.36,10.7,83,3,0.73
17f51e7198701186712e53a39c564617,SP,56,48019,91.1,4.34,23.3,83,3,0.53
1d8dbc4f32378d715c717c1c1fc57bae,PR,91,11206,91.2,4.03,15.6,7,3,0.12
620c87c171fb2a6dd6e8bb4dec959fc6,RJ,722,112462,91.3,4.30,12.9,5,3,1.25
522620dcb18a6b31cd7bdf73665113a9,PR,172,56690,91.3,3.87,15.4,8,3,0.63
e59aa562b9f8076dd550fcddf0e73491,PR,69,30716,91.3,4.26,14.0,8,3,0.34
8b321bb669392f5163d04c59e235e066,SP,930,17263,91.3,4.10,12.6,86,3,0.19
23613d49c3ac2bd302259e55c06c050c,SP,69,4193,91.3,3.86,13.9,86,3,0.05
218d46b86c1881d022bce9c68a7d4b15,SP,382,53710,91.4,4.17,13.8,88,3,0.60
391fc6631aebcf3004804e51b40bcf1e,SP,521,39475,91.4,4.03,14.4,88,3,0.44
9c0e69c7bf2619675bbadf47b43f655a,SP,151,32720,91.4,4.20,14.5,88,3,0.36
7681ef142fd2c19048da7430856b5588,SP,58,31212,91.4,4.17,10.5,88,3,0.35
f27e33c6d29b5138fa9967bcd445b6d5,SP,93,8888,91.4,4.10,12.0,88,3,0.10
5d0363b33554b373851fc1622e4d5f3c,SP,93,6549,91.4,4.08,12.4,88,3,0.07
ea8482cd71df3c1969d7b9473ff13abc,SP,1132,36697,91.5,4.01,13.2,94,3,0.41
7ddcbb64b5bc1ef36ca8c151f6ec77df,SP,325,54436,91.7,4.01,12.6,95,3,0.61
8581055ce74af1daba164fdbd55a40de,SP,379,63894,91.8,4.30,13.1,96,3,0.71
1900267e848ceeba8fa32d80c1a5f5a8,SP,406,24640,91.9,3.82,13.1,97,3,0.27
cbd996ad3c1b7dc71fd0e5f5df9087e2,SP,160,8218,91.9,4.19,12.8,97,3,0.09
1336efc61c316ddf92c899eb817f7cae,SP,74,4837,91.9,4.00,11.7,97,3,0.05
715bbd5ba4e6b74cb0d2f29eb45058b0,SP,62,4043,91.9,4.47,11.8,97,3,0.04
6860153b69cc696d5dcfe1cdaaafcf62,SP,74,3828,91.9,4.05,10.1,97,3,0.04
16090f2ca825584b5a147ab24aa30c86,SP,398,25579,92.0,4.08,9.1,102,3,0.28
165fc07beebdcb6190fba8a06db2a449,PR,50,17481,92.0,3.80,12.8,10,3,0.19
6a8b085f816a1f75f92dbac6eb545f8f,SP,125,5884,92.0,4.16,14.6,102,3,0.07
1025f0e2d44d7041d6cf58b6550e0bfa,SP,910,138209,92.1,3.99,12.3,104,4,1.54
c9c7905cffc4ef9ff9f113554423e671,SP,127,10657,92.1,4.14,11.0,104,4,0.12
ef506c96320abeedfb894c34db06f478,SP,316,9557,92.1,3.96,13.5,104,4,0.11
37515688008a7a40ac93e3b2e4ab203f,SP,227,5954,92.1,4.08,15.1,104,4,0.07
ef0ace09169ac090589d85746e3e036f,RJ,128,16105,92.2,4.40,12.8,6,4,0.18
ce248b21cb2adc36282ede306b7660e5,SC,64,13560,92.2,4.23,15.6,3,4,0.15
e24fc9fcd865784fb25705606fe3dfe7,SP,51,12768,92.2,4.16,12.5,108,4,0.14
42b729f859728f5079499127a9c2ef37,SP,103,4097,92.2,4.47,7.8,108,4,0.05
17e34d8224d27a541263c4c64b11a56b,SP,247,54440,92.3,4.24,14.2,110,4,0.61
e9bc59e7b60fc3063eb2290deda4cced,PR,209,33544,92.3,4.08,14.2,11,4,0.37
7040e82f899a04d1b434b795a43b4617,SP,208,9214,92.3,3.64,10.4,110,4,0.10
624f4ece8da4aafb77699233d480f8ef,SP,52,9046,92.3,4.25,13.5,110,4,0.10
f214d28e8d8e3ef068748498ccc2f813,SP,52,2152,92.3,4.21,10.4,110,4,0.02
04308b1ee57b6625f47df1d56f00eedf,SC,92,58992,92.4,3.95,18.9,4,4,0.66
54a1852d1b8f10312c55e906355666ee,SP,198,17056,92.4,4.34,11.4,114,4,0.19
d673a59aac7a70d8b01e6902bf090a11,SP,79,3909,92.4,3.91,14.1,114,4,0.04
c826c40d7b19f62a09e2d7c5e7295ee2,SP,346,44653,92.5,4.12,13.2,116,4,0.50
de23c3b98a88888289c6f5cc1209054a,SP,161,25934,92.5,4.29,10.8,116,4,0.29
e5a38146df062edaf55c38afa99e42dc,SP,120,15271,92.5,3.96,12.1,116,4,0.17
48436dade18ac8b2bce089ec2a041202,SP,134,11821,92.5,4.10,14.3,116,4,0.13
a420f60ff1aa9acc80d0e42959f2b313,SP,67,7443,92.5,3.93,11.4,116,4,0.08
3be634553519fb6536a03e1358e9fdc7,SP,80,5231,92.5,4.00,10.1,116,4,0.06
00ee68308b45bc5e2660cd833c3f81cc,SP,135,20260,92.6,4.30,9.5,122,4,0.23
f262cbc1c910c83959f849465454ddd3,SP,189,10200,92.6,4.16,9.1,122,4,0.11
e067ad2c1c0b48758eb1b5228bcf7a68,SP,54,5043,92.6,4.15,14.9,122,4,0.06
edb1ef5e36e0c8cd84eb3c9b003e486d,RJ,165,79145,92.7,4.44,11.8,7,4,0.88
7142540dd4c91e2237acb7e911c4eba2,SP,316,37182,92.7,4.04,14.7,125,4,0.41
66922902710d126a0e7d26b0e3805106,MG,150,14267,92.7,4.47,11.2,8,4,0.16
aba1721a889e04decc910aa13b768ef4,SP,83,14103,92.8,4.45,9.3,126,4,0.16
f7ccf836d21b2fb1de37564105216cc1,SP,69,2748,92.8,3.77,11.1,126,4,0.03
25c5c91f63607446a97b143d2d535d31,MG,156,54209,92.9,3.83,14.4,9,4,0.60
f5a590cf36251cf1162ea35bef76fe84,SP,113,51233,92.9,4.27,11.7,128,4,0.57
f45122a9ab94eb4f3f8953578bc0c560,SP,184,21765,92.9,3.97,12.7,128,4,0.24
c8b0e2b0a7095e5d8219575d5e7e1181,SP,84,12170,92.9,4.05,10.1,128,4,0.14
7a241947449cc45dbfda4f9d0798d9d0,MG,56,7435,92.9,4.09,13.2,9,4,0.08
8a130737016f838139d31878787a39c9,SP,56,4222,92.9,4.45,10.1,128,4,0.05
3b15288545f8928d3e65a8f949a28291,SP,101,13765,93.1,4.05,14.4,132,4,0.15
6d803cb79cc31c41c4c789a75933b3c7,SP,58,8711,93.1,4.24,13.1,132,4,0.10
4371b634e0efc0e22b09b52907d9d469,SP,101,8168,93.1,4.45,11.1,132,4,0.09
bd0389da23d89b726abf911cccc54596,DF,87,7472,93.1,4.17,13.5,1,4,0.08
b2ba3715d723d245138f291a6fe42594,SP,324,49302,93.2,4.17,14.0,135,4,0.55
dc4a0fc896dc34b0d5bfec8438291c80,SP,225,23656,93.3,3.81,13.8,136,4,0.26
058fd0aa2bfdb2274e05e1ae971dabb6,SP,60,7550,93.3,4.37,10.1,136,4,0.08
da8622b14eb17ae2831f4ac5b9dab84a,SP,1311,159817,93.4,4.17,11.1,138,5,1.78
70eea00b476a314817cefde4aad4f89a,SP,106,31425,93.4,4.40,13.3,138,5,0.35
213b25e6f54661939f11710a6fddb871,SP,152,15106,93.4,3.80,15.2,138,5,0.17
b6d44737c043328708f6749c2dbe50bd,SP,61,5285,93.4,4.52,8.2,138,5,0.06
7e3f87d16fb353f408d467e74fbd8014,SP,91,4653,93.4,4.16,12.5,138,5,0.05
06579cb253ecd5a3a12a9e6eb6bf8f47,SP,61,4587,93.4,4.13,9.9,138,5,0.05
827f8f69dfa529c561901c4f2e0f332f,PR,91,3408,93.4,4.21,13.7,12,5,0.04
ccc4bbb5f32a6ab2b7066a4130f114e3,PR,184,72927,93.5,4.33,15.8,13,5,0.81
d1c281d3ae149232351cd8c8cc885f0d,SP,214,26834,93.5,3.79,12.7,144,5,0.30
8444e55c1f13cd5c179851e5ca5ebd00,MG,92,21481,93.5,3.37,21.0,11,5,0.24
d05ae8f7a5bd1d2a690a44cd079e4e27,RJ,77,13244,93.5,3.86,11.2,8,5,0.15
70c27847eca8195c983ed7e798c56743,RJ,77,12078,93.5,4.23,11.1,8,5,0.13
951e8cef368f09bb3f3d03c00ca4702c,SP,62,3993,93.5,4.15,9.4,144,5,0.04
004c9cd9d87a3c30c522c48c4fc07416,SP,156,19570,93.6,4.12,14.8,146,5,0.22
0be8ff43f22e456b4e0371b2245e4d01,SP,156,11336,93.6,4.03,10.3,146,5,0.13
96493fab2fbb13a14d0c0e8772eef5c3,SP,63,18969,93.7,4.08,13.4,148,5,0.21
8e8a7ce9f2f970dc00e2acf6f6e199f6,RJ,63,8821,93.7,3.98,12.1,10,5,0.10
5b925e1d006e9476d738aa200751b73b,SP,63,7749,93.7,4.60,10.8,148,5,0.09
1bb2bdb95f4841f1bba2c0d2cd83d3c9,SP,79,4906,93.7,4.62,12.4,148,5,0.05
4c18691b6037662be2df78a765d98ab5,SP,63,3196,93.7,3.87,9.2,148,5,0.04
a17f621c590ea0fab3d5d883e1630ec6,SP,63,2678,93.7,4.06,11.5,148,5,0.03
001cca7ae9ae17fb1caed9dfb1094831,ES,195,24487,93.8,4.03,13.4,1,5,0.27
4a3ccda38b2129705f3fb522db62ca31,SP,64,16169,93.8,3.94,13.3,153,5,0.18
2e1c9f22be269ef4643f826c9e650a52,SP,161,12170,93.8,4.22,9.7,153,5,0.14
8d956fec2e4337affcb520f56fd8cbfd,SP,210,10988,93.8,4.21,9.3,153,5,0.12
7ea5bfa6c340f58f8e71fc1f0412b0d6,MG,96,10838,93.8,4.17,12.9,12,5,0.12
955fee9216a65b617aa5c0531780ce60,SP,1261,131837,93.9,4.19,10.7,156,5,1.47
834f3294fba9f932f56edc879193f925,SP,66,39908,93.9,4.55,14.2,156,5,0.44
1554a68530182680ad5c8b042c3ab563,MG,246,28980,93.9,4.30,14.2,13,5,0.32
8cbac7e12637ed9cffa18c7875207478,SC,66,2956,93.9,4.17,13.9,5,5,0.03
e9779976487b77c6d4ac45f75ec7afe9,SP,645,42230,94.0,4.25,9.8,158,5,0.47
4b9750c8ad28220fe6702d4ecb7c898f,SP,217,15815,94.0,4.36,9.4,158,5,0.18
09f952a5f58d2285b0372551ae8f9b01,SP,50,11822,94.0,3.84,13.2,158,5,0.13
5f2684dab12e59f83bef73ae57724e45,SP,67,8871,94.0,3.79,10.6,158,5,0.10
8e6cc767478edae941d9bd9eb778d77a,MG,100,5929,94.0,4.00,16.6,14,5,0.07
46dc3b2cc0980fb8ec44634e21d2718e,RJ,503,122811,94.2,4.25,11.9,11,5,1.36
5656537e588803a555b8eb41f07a944b,DF,171,7931,94.2,3.89,11.2,2,5,0.09
2a7dc43cecabf23403078e2188437d1d,SP,52,4796,94.2,4.10,13.0,162,5,0.05
3c7c4a49ec3c6550809089c6a2ca9370,SP,139,4003,94.2,3.69,9.5,162,5,0.04
59fb871bf6f4522a87ba567b42dafecf,SP,123,21179,94.3,4.28,12.0,164,5,0.24
0adac9fbd9a2b63cccaac4f8756c1ca8,SP,106,15558,94.3,4.09,13.0,164,5,0.17
dd2bdf855a9172734fbc3744021ae9b9,MG,105,10607,94.3,3.83,15.3,15,5,0.12
d9a84e1403de8da0c3aa531d6d108ba6,SP,53,1385,94.3,4.58,7.5,164,5,0.02
5dceca129747e92ff8ef7a997dc4f8ca,SP,322,111127,94.4,4.00,11.6,167,6,1.24
17a053fcb14bd219540cbde0df490be0,SP,124,40353,94.4,4.23,12.2,167,6,0.45
f457c46070d02cadd8a68551231220dd,PR,195,18798,94.4,3.86,14.5,14,6,0.21
d9bd94811c3338dceb4181f3dbc0c73e,SP,54,6911,94.4,4.80,8.0,167,6,0.08
f4aba7c0bca51484c30ab7bdc34bcdd1,SP,108,2952,94.4,3.94,11.1,167,6,0.03
3d871de0142ce09b7081e2b9d1733cb1,SP,1064,93407,94.5,4.17,13.4,171,6,1.04
dc317f341ab0e22f39acbd9dbf9b4a1f,RS,55,18988,94.5,4.15,12.4,1,6,0.21
01fdefa7697d26ad920e9e0346d4bd1b,PR,128,14803,94.5,4.38,10.7,15,6,0.16
6d66611d7c44cc30ce351abc49a68421,SP,164,13429,94.5,3.95,11.9,171,6,0.15
18a349e75d307f4b4cc646a691ed4216,SP,109,7425,94.5,3.59,11.1,171,6,0.08
c70c1b0d8ca86052f45a432a38b73958,SP,260,36289,94.6,4.34,8.0,174,6,0.40
d6b1ce66b035a475f00c017792ff9769,SP,92,12277,94.6,4.22,10.1,174,6,0.14
08633c14ef2db992c11f840f04fad4cd,SP,74,7644,94.6,4.36,9.9,174,6,0.08
45d33f715e24d15a6ccf5c17b3a23e3c,SP,56,4518,94.6,4.14,11.5,174,6,0.05
4992e76a42cb3aad7a7047e0d3d7e729,SP,56,2171,94.6,3.96,7.6,174,6,0.02
6560211a19b47992c3666cc44a7e94c0,SP,1819,120703,94.7,3.96,9.6,179,6,1.34
cc419e0650a3c5ba77189a1882b7556a,SP,1651,101091,94.7,4.15,11.5,179,6,1.12
d2374cbcbb3ca4ab1086534108cc3ab7,SP,514,20926,94.7,3.76,14.6,179,6,0.23
bfd27a966d91cfaafdb25d076585f0da,SP,114,19225,94.7,4.29,12.4,179,6,0.21
d650b663c3b5f6fb392b6326366efa9a,SP,57,18336,94.7,4.37,9.7,179,6,0.20
fa40cc5b934574b62717c68f3d678b6d,SP,304,15900,94.7,4.47,11.3,179,6,0.18
1f9ab4708f3056ede07124aad39a2554,SP,76,13313,94.7,4.08,14.5,179,6,0.15
7a67c85e85bb2ce8582c35f2203ad736,SP,1145,139659,94.8,4.26,11.2,186,6,1.55
f80edd2c5aaa505cc4b0a3b219abf4b8,SP,116,8856,94.8,4.14,12.0,186,6,0.10
670c26e0f1bf8d0576271d5cfaec6d2b,PR,77,6250,94.8,4.31,14.2,16,6,0.07
ceaec5548eefc6e23e6607c5435102e7,SP,198,51478,94.9,4.19,13.0,188,6,0.57
c003204e1ab016dfa150abc119207b24,SP,195,24904,94.9,4.47,9.6,188,6,0.28
01cf7e3d21494c41fb86034f2e714fa1,PR,59,9440,94.9,4.14,11.8,17,6,0.10
f7720c4fa8e3aba4546301ab80ea1f1b,PR,59,2044,94.9,4.25,10.9,17,6,0.02
a1043bafd471dff536d0c462352beb48,MG,702,99309,95.0,4.27,13.6,16,6,1.10
0c8380b62e38e8a1e6adbeba7eb9688c,MG,180,17229,95.0,4.05,13.0,16,6,0.19
cca3071e3e9bb7d12640c9fbe2301306,SP,699,63035,95.1,3.85,14.2,190,6,0.70
4830e40640734fc1c52cd21127c341d4,SP,204,9491,95.1,4.23,9.9,190,6,0.11
4e17c65a516f69d023a2ae78b84f28d6,SP,61,7639,95.1,4.23,13.3,190,6,0.08
7008613ea464bad5cb9b83456e1e6a8f,SC,123,7539,95.1,4.25,14.5,6,6,0.08
0c7533c71df861ec58ad7ff999ed0e8d,SP,61,2989,95.1,4.15,10.7,190,6,0.03
850f4f8af5ea87287ac68de36e29107f,SP,186,45285,95.2,4.28,10.1,194,6,0.50
53e4c6e0f4312d4d2107a8c9cddf45cd,SP,463,29588,95.2,4.13,12.0,194,6,0.33
41b39e28db005d9731d9d485a83b4c38,SP,187,16307,95.2,4.19,12.3,194,6,0.18
92eb0f42c21942b6552362b9b114707d,SP,334,6416,95.2,4.01,13.7,194,6,0.07
05d2173d43ea568aa0540eba70d2ca76,MG,62,5760,95.2,4.08,14.9,18,6,0.06
7e93a43ef30c4f03f38b393420bc753a,SP,319,165981,95.3,4.35,11.3,198,6,1.84
813348c996469b40f2e028d5429d3495,SP,172,10814,95.3,4.01,10.1,198,7,0.12
0241d4d5d36f10f80c644447315af0bd,PR,238,31398,95.4,4.35,10.9,19,7,0.35
2138ccb85b11a4ec1e37afbd1c8eda1f,SP,388,12089,95.4,3.95,11.3,200,7,0.13
1da3aeb70d7989d1e6d9b0e887f97c23,SP,261,8692,95.4,4.15,8.5,200,7,0.10
0509040ea3fe50071181bbc359eb7738,MG,87,3689,95.4,4.48,11.5,19,7,0.04
79ebd9a61bac3eaf882805ed4ecfa12a,PR,133,14783,95.5,4.06,15.3,20,7,0.16
1b4c3a6f53068f0b6944d2d005c9fc89,SC,111,14421,95.5,4.26,14.5,7,7,0.16
1c129092bf23f28a5930387c980c0dfc,SP,200,9529,95.5,4.25,11.7,202,7,0.11
98dac6635aee4995d501a3972e047414,SP,89,4116,95.5,4.16,9.6,202,7,0.05
a3a38f4affed601eb87a97788c949667,SC,251,26295,95.6,4.38,12.5,8,7,0.29
94144541854e298c2d976cb893b81343,RS,68,17286,95.6,4.24,12.9,2,7,0.19
6edacfd9f9074789dad6d62ba7950b9c,SP,205,12966,95.6,4.38,9.1,204,7,0.14
7b07b3c7487f0ea825fc6df75abd658b,SP,91,9259,95.6,4.42,9.6,204,7,0.10
e333046ce6517bd8bb510291d44f0130,SP,68,7268,95.6,4.34,10.1,204,7,0.08
669ae81880e08f269a64487cfb287169,SC,161,13134,95.7,4.26,12.2,9,7,0.15
d50d79cb34e38265a8649c383dcffd48,SP,70,13012,95.7,4.21,13.2,207,7,0.14
640e21a7d01df7614a3b4923e990d40c,SP,115,7529,95.7,4.33,10.2,207,7,0.08
dee656f0f566ed1aa85bd137c943f08f,SP,92,6212,95.7,4.37,12.6,207,7,0.07
f8db351d8c4c4c22c6835c19a46f01b0,SP,659,50083,95.8,4.25,9.8,210,7,0.56
7299e27ed73d2ad986de7f7c77d919fa,MG,335,34107,95.8,4.43,11.3,20,7,0.38
128639473a139ac0f3e5f5ade55873a5,PR,527,11796,95.8,4.19,14.2,21,7,0.13
81a1104df0f08b59c68aa5b03cfe398e,PR,72,9321,95.8,4.31,12.8,21,7,0.10
9f505651f4a6abe901a56cdc21508025,SP,393,25913,95.9,4.36,8.0,211,7,0.29
a7f13822ceb966b076af67121f87b063,SP,73,12018,95.9,3.37,22.8,211,7,0.13
701938c450705b8ae65fc923b70f35c7,SP,74,11879,95.9,3.99,13.0,211,7,0.13
9d4db00d65d7760644ac0c14edb5fd86,SP,97,9846,95.9,4.51,8.0,211,7,0.11
9b013e03b2ab786505a1d3b5c0756754,SP,170,8715,95.9,4.20,8.5,211,7,0.10
282f23a9769b2690c5dda22e316f9941,MG,98,6464,95.9,4.37,11.1,21,7,0.07
080102cd0a76b09e0dcf55fcacc60e05,MG,122,5613,95.9,4.52,9.8,21,7,0.06
8f119a0aee85c0c8fc534629734e94fd,SP,75,3579,96.0,4.28,10.0,216,7,0.04
95f83f51203c626648c875dd41874c7f,MG,50,3078,96.0,3.70,11.6,23,7,0.03
25cf099de44674fde97473224f9d59ab,SP,50,1654,96.0,4.26,9.3,216,7,0.02
4d6d651bd7684af3fffabd5f08d12e5a,SP,363,42999,96.1,4.21,13.0,218,7,0.48
87142160b41353c4e5fca2360caf6f92,RS,305,31096,96.1,4.40,10.9,3,7,0.35
00fc707aaaad2d31347cf883cd2dfe10,PR,103,12685,96.1,4.05,15.0,23,7,0.14
7202e2ba20579a9bd1acb29e61fe71f6,SP,51,12086,96.1,3.98,13.3,218,7,0.13
aafe36600ce604f205b86b5084d3d767,SC,129,9251,96.1,4.40,12.5,10,7,0.10
d91fb3b7d041e83b64a00a3edfb37e4f,SP,524,39926,96.2,4.11,11.2,220,7,0.44
710e3548e02bc1d2831dfc4f1b5b14d4,PR,131,22369,96.2,3.41,14.4,24,7,0.25
0db783cfcd3b73998abc6e10e59a102f,SP,132,9077,96.2,4.20,11.6,220,8,0.10
750303a20e9c56b2a6bc45cdce0b897d,GO,53,7876,96.2,4.30,14.0,1,7,0.09
febab0275244b9a49a623f0bd613ca2f,SP,106,7095,96.2,4.44,8.6,220,7,0.08
6b243f80ed07b10f0e8aa0f21a205f3c,PR,79,6260,96.2,4.27,11.1,24,7,0.07
537eb890efff034a88679788b647c564,RJ,158,4618,96.2,4.23,9.1,12,8,0.05
eeb6de78f79159600292e314a77cbd18,SC,82,43511,96.3,4.44,12.2,11,8,0.48
2528513dd95219a6013d4d05176e391a,SP,160,32660,96.3,3.93,10.6,223,8,0.36
0b90b6df587eb83608a64ea8b390cf07,PR,163,28493,96.3,4.02,14.4,26,8,0.32
1a3df491d1c4f1589fc2b934ada68bf2,SC,160,22472,96.3,4.28,14.8,11,8,0.25
e8b3a3a38279a82f0e5d006d5e5b7d2c,PR,80,11762,96.3,4.01,17.2,26,8,0.13
4e7c18b98d84e05cbae3ff0ff03846c2,SP,81,9039,96.3,4.19,12.1,223,8,0.10
ebd2d60905fb58271facef5596b620d3,SP,82,7713,96.3,4.23,12.9,223,8,0.09
062ce95fa2ad4dfaedfc79260130565f,RS,54,7479,96.3,4.09,13.6,4,8,0.08
dbb9b48c841a0e39e21f98e1a6b2ec3e,SP,108,7187,96.3,4.27,9.8,223,8,0.08
688756f717c462a206ad854c5027a64a,SP,81,5838,96.3,3.86,10.7,223,8,0.06
db4350fd57ae30082dec7acbaacc17f9,SP,136,3304,96.3,4.17,10.8,223,8,0.04
de722cd6dad950a92b7d4f82673f8833,PE,337,55126,96.4,4.29,12.6,1,8,0.61
5a8e7d5003a1f221f9e1d6e411de7c23,SP,137,11042,96.4,4.17,10.2,229,8,0.12
7d456afc660226829370f3173d14520c,SP,55,8118,96.4,4.35,8.4,229,8,0.09
3078096983cf766a32a06257648502d1,SP,56,7911,96.4,4.30,11.9,229,8,0.09
7178f9f4dd81dcef02f62acdf8151e01,SC,202,36795,96.5,4.04,15.6,13,8,0.41
1c68394e931a64f90ea236c5ea590300,PR,142,24833,96.5,3.90,16.0,28,8,0.28
05ff92fedb5be47920fea08e501238b9,RS,57,21236,96.5,4.32,12.3,5,8,0.24
44073f8b7e41514de3b7815dd0237f4f,DF,142,18381,96.5,3.74,13.1,3,8,0.20
c33847515fa6305ce6feb1e818569f13,SC,114,15520,96.5,3.85,9.2,13,8,0.17
95e03ca3d4146e4011985981aeb959b9,RJ,172,10865,96.5,3.98,12.4,13,8,0.12
376a891762bbdecbc02b4b6adec3fdda,GO,57,6406,96.5,4.67,12.1,2,8,0.07
dbd66278cbfe1aa1000f90a217ca4695,SP,85,4929,96.5,4.51,9.1,232,8,0.05
53243585a1d6dc2643021fd1853d8905,BA,348,217940,96.6,4.18,13.3,2,8,2.42
c6bda72e4dbf5c5866b13cb1810c6d03,SP,59,14059,96.6,4.39,10.1,233,8,0.16
c864036feaab8c1659f65ea4faebe1da,PR,58,10454,96.6,4.57,12.3,29,8,0.12
fcb5ace8bcc92f75707dc0f01a27d269,SP,59,8009,96.6,4.00,10.5,233,8,0.09
36a968b544695394e4e9d7572688598f,SP,148,6864,96.6,3.75,10.7,233,8,0.08
2ff97219cb8622eaf3cd89b7d9c09824,SP,87,4339,96.6,4.54,8.9,233,8,0.05
1e8b33f18b4f7598d87f5cbee2282cc2,SP,122,17234,96.7,4.36,7.7,237,8,0.19
aced59e9b31ef866a94f9e7f29d8d418,SP,61,7269,96.7,4.43,9.6,237,8,0.08
709e16e2b25c7474d980076c6bfc4806,SP,60,5152,96.7,4.52,10.5,237,8,0.06
cce6ab8d1682639fe45ab70234f1665f,SP,61,2443,96.7,4.51,15.3,237,8,0.03
116ccb1a1604bc88e4d234a8c23f33de,SP,61,2005,96.7,4.64,8.9,237,8,0.02
ff063b022a9a0aab91bad2c9088760b7,SP,94,12077,96.8,4.28,9.3,242,8,0.13
b92e3c8f9738272ff7c59e111e108d7c,MG,62,8231,96.8,4.16,16.7,24,8,0.09
8a32e327fe2c1b3511609d81aaf9f042,SP,126,6101,96.8,3.95,8.9,242,8,0.07
1838dd9b8977065acf51d95e0053ea7a,MG,62,2751,96.8,4.37,12.7,24,8,0.03
b76dba6c951ab00dc4edf0a1aa88037e,SP,157,2545,96.8,4.20,10.4,242,8,0.03
76d64c4aca3a7baf218bf93ef7fa768d,PR,64,16912,96.9,4.23,10.9,30,9,0.19
80e6699fe29150b372a0c8a1ebf7dcc8,PR,96,11120,96.9,4.34,11.5,30,8,0.12
562fc2f2c2863ab7e79a9e4388a58a14,SP,255,8659,96.9,4.22,11.2,245,9,0.10
966cb4760537b1404caedd472cc610a5,SP,67,45928,97.0,4.13,10.0,246,9,0.51
d94a40fd42351c259927028d163af842,MG,100,13675,97.0,4.18,13.9,26,9,0.15
066a6914e1ebf3ea95a216c73a986b91,PR,66,8956,97.0,4.09,13.3,32,9,0.10
7722b1df1b0e383e000397b2c11e3e19,SP,133,7047,97.0,4.20,8.3,246,9,0.08
aaed1309374718fdd995ee4c58c9dfcd,SC,104,9345,97.1,4.06,12.2,15,9,0.10
9646c3513289980f17226a2fc4720dbd,SP,69,2964,97.1,4.45,11.2,248,9,0.03
9de4643a8dbde634fe55621059d92273,SC,72,17560,97.2,4.53,14.6,16,9,0.20
25e6ffe976bd75618accfe16cefcbd0d,SP,106,11553,97.2,4.44,10.1,249,9,0.13
30a2f535bb48308f991d0b9ad4a8c4bb,SP,71,4731,97.2,4.28,8.2,249,9,0.05
9e6229250fedbe05838fef417b74e7fb,SP,73,12962,97.3,3.89,11.8,251,9,0.14
516e7738bd8f735ac19a010ee5450d8d,RJ,74,6463,97.3,4.64,8.8,14,9,0.07
37be5a7c751166fbc5f8ccba4119e043,SP,269,54736,97.4,4.32,10.6,252,9,0.61
2a84855fd20af891be03bc5924d2b453,MG,155,14989,97.4,4.38,8.5,27,9,0.17
dbc22125167c298ef99da25668e1011f,MG,394,32829,97.5,4.31,11.4,28,9,0.36
0432ead42b6c8a0bdf68154add917fdf,SP,82,7574,97.6,4.54,8.8,253,9,0.08
d98eec89afa3380e14463da2aabaea72,RS,168,6969,97.6,4.32,8.5,6,9,0.08
9674754b5a0cb32b638cec001178f799,SP,84,4942,97.6,4.11,8.3,253,9,0.05
8bb48dc19fccaa8613b6229bf7f452a2,SP,82,4191,97.6,4.41,11.5,253,9,0.05
bd23da7354813347129d751591d1a6e2,SP,86,9705,97.7,4.09,9.8,256,9,0.11
86ccac0b835037332a596a33b6949ee1,SC,178,15894,97.8,4.21,12.0,17,9,0.18
85d9eb9ddc5d00ca9336a2219c97bb13,MG,499,15107,97.8,4.21,14.6,29,9,0.17
8a432f4e5b471f8da497d7dc517666e2,SP,95,7555,97.9,4.16,7.8,257,9,0.08
b4ffb71f0cb1b1c3d63fad021ecf93e1,SP,143,6636,97.9,4.24,10.0,257,9,0.07
5cf13accae3222c70a9cac40818ae839,MG,148,14293,98.0,4.48,10.6,30,9,0.16
ac3508719a1d8f5b7614b798f70af136,RS,101,12446,98.0,4.60,9.3,7,9,0.14
cab85505710c7cb9b720bceb52b01cee,SP,201,11125,98.0,4.32,10.0,259,9,0.12
751bdc4d83a466c7206cd42e8f426b03,SP,51,6521,98.0,3.92,10.8,259,9,0.07
a5cba26a62b8b4d0145b68b841e62e7f,PR,53,14439,98.1,4.57,13.1,33,9,0.16
33a6f4b1e7cdc205511e76ba1b6e0186,SP,105,10295,98.1,4.41,8.4,261,9,0.11
6c177e38df6d3f34182b1f1d427231bf,PR,53,8113,98.1,4.15,14.4,33,9,0.09
2dee2ce60de9709b1a24083217181a1f,MT,54,7785,98.1,4.43,14.1,1,9,0.09
289cdb325fb7e7f891c38608bf9e0962,SP,109,13411,98.2,4.59,6.7,262,9,0.15
6c7d50c24b3ccd2fd83b44d8bb34e073,SP,112,8446,98.2,4.42,12.2,262,9,0.09
1127b7f2594683f2510f1c2c834a486b,SP,110,6670,98.2,4.19,9.3,262,9,0.07
1b8356dabde1d35e17cef975c3f82730,SP,55,3366,98.2,4.22,10.5,262,9,0.04
3bdff180c7e1f6551a643b99c265a120,SP,56,3008,98.2,4.20,10.0,262,9,0.03
229c3efbfb0ea2058de4ccdfbc3d784a,MG,118,15479,98.3,3.60,10.7,31,9,0.17
91f848e9f4be368f4318775aac733370,SP,60,5669,98.3,4.32,10.0,267,9,0.06
582d4f8675b945722eda7c0cb61ba4c7,SP,59,4703,98.3,4.15,11.1,267,9,0.05
ce27a3cc3c8cc1ea79d11e561e9bebb6,SP,122,9465,98.4,4.07,10.1,269,10,0.11
520b493b57809f446cb0a233bb3e25c7,SP,63,3699,98.4,4.30,7.7,269,10,0.04
5f1dc28029d2c244352a68107ec2b542,SP,62,2807,98.4,4.37,9.5,269,9,0.03
48162d548f5b1b11b9d29d1e01f75a61,SP,66,20109,98.5,3.98,11.6,272,10,0.22
e26901d5ab434ce92fd9b5c256820a4e,SP,197,11602,98.5,4.20,9.3,272,10,0.13
9d5a9018aee56acb367ba9c3f05d1d6a,GO,66,10120,98.5,4.45,15.0,3,10,0.11
ca3bd7cd9f149df75950150d010fe4a2,SP,68,9253,98.5,4.09,13.6,272,10,0.10
cb8bcce248bb1fb274ba762d8b971456,MG,66,9152,98.5,4.33,12.6,32,10,0.10
259f7b5e6e482c230e5bfaa670b6bb8f,SP,136,8393,98.5,4.32,8.7,272,10,0.09
c3cfdc648177fdbbbb35635a37472c53,PR,278,43048,98.6,4.47,9.7,35,10,0.48
822166ed1e47908f7cfb49946d03c726,RJ,69,3715,98.6,3.94,12.7,15,10,0.04
744dac408745240a2c2528fb1b6028f3,PR,78,22323,98.7,4.58,11.0,36,10,0.25
d921b68bf747894be13a97ae52b0f386,MG,77,15646,98.7,4.56,9.9,33,10,0.17
080199a181c46c657dc5aa235411be3b,SP,79,14504,98.7,4.62,8.0,276,10,0.16
6cd68b3ed6d59aaa9fece558ad360c0a,MG,149,11189,98.7,4.46,10.5,33,10,0.12
dfa0c4c6229ab200a4a1336b4d7128ff,SC,77,4777,98.7,4.00,9.7,18,10,0.05
d12c926d74ceff0a90a21184466ce161,SP,76,3850,98.7,4.38,8.7,276,10,0.04
0df3984f9dfb3d49ac6366acbd3bbb85,MG,86,9891,98.8,4.38,9.5,35,10,0.11
530ec6109d11eaaf87999465c6afee01,PR,94,12682,98.9,4.34,10.8,37,10,0.14
725c32fa80c2faacc4fc88450d27314e,SP,89,7839,98.9,4.44,9.3,278,10,0.09
609e1a9a6c2539919b8205cf7c4e6ff0,SC,87,6595,98.9,3.78,10.1,19,10,0.07
5c243662ce92d84573bfaff24c3e3700,SP,98,32862,99.0,4.11,10.9,279,10,0.37
612170e34b97004b3ba37eae81836b4c,RS,107,23065,99.1,4.43,10.9,8,10,0.26
0ea22c1cfbdc755f86b9b54b39c16043,MG,234,10592,99.1,4.38,11.0,36,10,0.12
17ca9b9e9b9ef8fdb529001b49ebb50f,MG,115,9650,99.1,4.07,8.1,36,10,0.11
8c16d1f32a54d92897cc437244442e1b,SC,108,5643,99.1,4.33,10.9,20,10,0.06
12b9676b00f60f3b700e83af21824c0e,RS,133,26376,99.2,4.56,15.0,9,10,0.29
0bae85eb84b9fb3bd773911e89288d54,SP,136,7434,99.3,4.29,10.2,280,10,0.08
e882b2a25a10b9c057cc49695f222c19,RJ,57,51058,100.0,4.58,9.5,16,10,0.57
2b3e4a2a3ea8e01938cabda2a3e5cc79,SP,52,23629,100.0,4.37,8.7,281,10,0.26
06e5eefc71ec47ae763c5c6f8db7064f,RS,90,21649,100.0,3.94,10.8,10,10,0.24
8ae520247981aa06bc94abddf5f46d34,SC,65,16321,100.0,4.45,10.9,21,10,0.18
b372ee768ed69e46ca8cdbd267aa7a38,SP,63,12630,100.0,4.43,12.4,281,10,0.14
f3b80352b986ab4d1057a4b724be19d0,DF,86,9815,100.0,4.21,10.4,4,10,0.11
b1a81260566c1bac3114a6d124413f27,RS,51,8685,100.0,4.27,8.5,10,10,0.10
cc63f0dd2acba93ffed4fe9f8e0321fa,SP,55,7097,100.0,4.09,8.9,281,10,0.08
fa1a9dec3a9940c072684a46728bf1fc,SC,55,6674,100.0,4.05,14.3,21,10,0.07
57e632711dec9ec14ca7546769483e7e,SC,62,6350,100.0,4.42,10.8,21,10,0.07
9616352088dcf83a7c06637f4ebf1c80,PR,91,5643,100.0,4.35,12.3,38,10,0.06
d566c37fa119d5e66c4e9052e83ee4ea,SP,65,5146,100.0,4.63,5.7,281,10,0.06
fc906263ca5083d09dce42fe02247800,MG,112,4418,100.0,4.38,9.4,38,10,0.05
d57e18d5f73c7ccb7f7339b61166898d,SP,61,3188,100.0,4.43,9.1,281,10,0.04
3504c0cb71d7fa48d967e0e4c94d59d9,SP,53,2350,100.0,4.42,7.2,281,10,0.03
